filename,class
961.jpg,uncracked
1255.jpg,uncracked
1072.jpg,uncracked
1965.jpg,cracked
304.jpg,cracked
303.jpg,cracked
1822.jpg,uncracked
741.jpg,uncracked
655.jpg,uncracked
1907.jpg,cracked
689.jpg,uncracked
1496.jpg,uncracked
1886.jpg,uncracked
1729.jpg,cracked
42.jpg,cracked
1757.jpg,cracked
1748.jpg,uncracked
177.jpg,cracked
424.jpg,cracked
1841.jpg,cracked
929.jpg,uncracked
1183.jpg,cracked
311.jpg,cracked
366.jpg,uncracked
215.jpg,uncracked
552.jpg,uncracked
264.jpg,uncracked
86.jpg,uncracked
1362.jpg,cracked
1294.jpg,cracked
1997.jpg,cracked
1442.jpg,uncracked
469.jpg,uncracked
1690.jpg,uncracked
603.jpg,cracked
1374.jpg,uncracked
1474.jpg,cracked
1593.jpg,cracked
79.jpg,uncracked
715.jpg,cracked
1632.jpg,cracked
828.jpg,cracked
440.jpg,uncracked
32.jpg,uncracked
868.jpg,uncracked
436.jpg,uncracked
1694.jpg,uncracked
1079.jpg,cracked
1700.jpg,uncracked
1715.jpg,uncracked
620.jpg,cracked
975.jpg,uncracked
1661.jpg,uncracked
599.jpg,cracked
799.jpg,uncracked
731.jpg,cracked
1355.jpg,uncracked
297.jpg,uncracked
1774.jpg,cracked
1312.jpg,uncracked
1368.jpg,cracked
1848.jpg,uncracked
1283.jpg,uncracked
1953.jpg,uncracked
1041.jpg,cracked
274.jpg,uncracked
1113.jpg,uncracked
1780.jpg,uncracked
1400.jpg,cracked
1270.jpg,cracked
1714.jpg,uncracked
1177.jpg,cracked
1314.jpg,uncracked
1850.jpg,cracked
1040.jpg,uncracked
1518.jpg,cracked
476.jpg,cracked
1331.jpg,cracked
1989.jpg,uncracked
1206.jpg,uncracked
430.jpg,cracked
1805.jpg,uncracked
566.jpg,uncracked
1779.jpg,cracked
1403.jpg,cracked
1397.jpg,uncracked
1242.jpg,uncracked
262.jpg,cracked
604.jpg,cracked
1429.jpg,cracked
732.jpg,cracked
349.jpg,uncracked
1059.jpg,cracked
1299.jpg,cracked
179.jpg,uncracked
1384.jpg,uncracked
1824.jpg,cracked
1211.jpg,cracked
1736.jpg,cracked
1306.jpg,uncracked
921.jpg,cracked
993.jpg,cracked
770.jpg,cracked
49.jpg,uncracked
615.jpg,uncracked
1140.jpg,uncracked
185.jpg,uncracked
1008.jpg,uncracked
1650.jpg,cracked
609.jpg,cracked
460.jpg,cracked
1363.jpg,cracked
1811.jpg,uncracked
1840.jpg,uncracked
1981.jpg,cracked
1493.jpg,cracked
389.jpg,cracked
1095.jpg,uncracked
1718.jpg,uncracked
358.jpg,uncracked
1961.jpg,uncracked
1229.jpg,cracked
470.jpg,uncracked
1083.jpg,cracked
1536.jpg,uncracked
720.jpg,uncracked
1992.jpg,uncracked
209.jpg,uncracked
396.jpg,uncracked
676.jpg,uncracked
547.jpg,cracked
614.jpg,uncracked
857.jpg,uncracked
1917.jpg,uncracked
627.jpg,cracked
1771.jpg,uncracked
601.jpg,cracked
176.jpg,uncracked
1162.jpg,cracked
193.jpg,cracked
1109.jpg,uncracked
1720.jpg,uncracked
1338.jpg,cracked
481.jpg,uncracked
1336.jpg,cracked
1511.jpg,cracked
201.jpg,cracked
968.jpg,cracked
1698.jpg,cracked
313.jpg,uncracked
1193.jpg,cracked
67.jpg,cracked
1170.jpg,uncracked
1679.jpg,uncracked
1076.jpg,uncracked
454.jpg,uncracked
219.jpg,cracked
719.jpg,uncracked
1438.jpg,cracked
522.jpg,uncracked
633.jpg,uncracked
1899.jpg,uncracked
484.jpg,cracked
989.jpg,uncracked
774.jpg,cracked
404.jpg,uncracked
361.jpg,cracked
1160.jpg,cracked
409.jpg,cracked
21.jpg,cracked
549.jpg,cracked
1188.jpg,cracked
1701.jpg,uncracked
1600.jpg,cracked
1416.jpg,uncracked
376.jpg,cracked
8.jpg,cracked
1201.jpg,uncracked
1473.jpg,cracked
1585.jpg,uncracked
1880.jpg,cracked
1572.jpg,uncracked
1139.jpg,uncracked
232.jpg,uncracked
802.jpg,uncracked
706.jpg,cracked
1380.jpg,cracked
1110.jpg,uncracked
1876.jpg,cracked
1785.jpg,uncracked
14.jpg,cracked
169.jpg,cracked
702.jpg,uncracked
485.jpg,uncracked
266.jpg,cracked
581.jpg,uncracked
1730.jpg,uncracked
577.jpg,uncracked
44.jpg,cracked
170.jpg,cracked
1022.jpg,cracked
886.jpg,cracked
1122.jpg,cracked
448.jpg,uncracked
897.jpg,cracked
1053.jpg,uncracked
1219.jpg,cracked
606.jpg,cracked
551.jpg,cracked
340.jpg,cracked
1812.jpg,uncracked
1569.jpg,cracked
849.jpg,uncracked
374.jpg,cracked
1399.jpg,cracked
1487.jpg,uncracked
1077.jpg,cracked
962.jpg,cracked
1804.jpg,cracked
1286.jpg,cracked
1609.jpg,cracked
1709.jpg,cracked
92.jpg,cracked
1826.jpg,cracked
1756.jpg,cracked
847.jpg,uncracked
1163.jpg,cracked
815.jpg,uncracked
399.jpg,uncracked
1244.jpg,cracked
1544.jpg,uncracked
1455.jpg,uncracked
1275.jpg,uncracked
1011.jpg,uncracked
1667.jpg,uncracked
241.jpg,cracked
1592.jpg,uncracked
1173.jpg,uncracked
1423.jpg,cracked
765.jpg,uncracked
1741.jpg,cracked
816.jpg,cracked
681.jpg,cracked
343.jpg,cracked
1799.jpg,cracked
1.jpg,cracked
1985.jpg,uncracked
1248.jpg,uncracked
1535.jpg,cracked
422.jpg,uncracked
1803.jpg,uncracked
1427.jpg,uncracked
864.jpg,uncracked
1154.jpg,cracked
493.jpg,cracked
65.jpg,cracked
1104.jpg,cracked
1444.jpg,uncracked
537.jpg,cracked
1078.jpg,uncracked
11.jpg,cracked
320.jpg,uncracked
1633.jpg,uncracked
76.jpg,cracked
1966.jpg,cracked
362.jpg,uncracked
1503.jpg,cracked
1335.jpg,uncracked
478.jpg,uncracked
1195.jpg,uncracked
982.jpg,cracked
619.jpg,cracked
1654.jpg,uncracked
352.jpg,uncracked
1794.jpg,cracked
1224.jpg,uncracked
579.jpg,uncracked
151.jpg,cracked
650.jpg,uncracked
839.jpg,cracked
998.jpg,cracked
756.jpg,uncracked
1516.jpg,cracked
733.jpg,uncracked
1115.jpg,uncracked
1636.jpg,uncracked
584.jpg,uncracked
729.jpg,uncracked
1498.jpg,cracked
1990.jpg,uncracked
1755.jpg,cracked
1852.jpg,uncracked
111.jpg,uncracked
1212.jpg,cracked
827.jpg,uncracked
1178.jpg,cracked
226.jpg,uncracked
1300.jpg,cracked
1153.jpg,uncracked
1797.jpg,uncracked
290.jpg,cracked
771.jpg,cracked
1716.jpg,cracked
1142.jpg,uncracked
1045.jpg,uncracked
1166.jpg,uncracked
383.jpg,cracked
1084.jpg,cracked
1451.jpg,cracked
1025.jpg,cracked
533.jpg,uncracked
443.jpg,uncracked
736.jpg,cracked
491.jpg,cracked
1258.jpg,cracked
550.jpg,cracked
814.jpg,uncracked
282.jpg,uncracked
889.jpg,uncracked
1621.jpg,uncracked
1372.jpg,uncracked
62.jpg,cracked
1471.jpg,uncracked
526.jpg,uncracked
1993.jpg,uncracked
414.jpg,cracked
674.jpg,cracked
43.jpg,cracked
1643.jpg,uncracked
1800.jpg,cracked
626.jpg,cracked
1043.jpg,uncracked
1486.jpg,cracked
1127.jpg,cracked
1645.jpg,uncracked
1409.jpg,uncracked
423.jpg,cracked
723.jpg,uncracked
1065.jpg,cracked
1652.jpg,uncracked
224.jpg,uncracked
971.jpg,uncracked
1571.jpg,cracked
167.jpg,cracked
580.jpg,uncracked
780.jpg,cracked
1919.jpg,uncracked
257.jpg,cracked
1330.jpg,cracked
386.jpg,cracked
1213.jpg,cracked
1182.jpg,uncracked
1376.jpg,uncracked
1366.jpg,cracked
890.jpg,uncracked
1564.jpg,uncracked
1531.jpg,uncracked
1969.jpg,uncracked
598.jpg,cracked
144.jpg,cracked
621.jpg,cracked
638.jpg,uncracked
588.jpg,uncracked
1506.jpg,cracked
1402.jpg,cracked
976.jpg,cracked
183.jpg,uncracked
1977.jpg,uncracked
1031.jpg,uncracked
1581.jpg,uncracked
813.jpg,cracked
656.jpg,uncracked
990.jpg,cracked
1146.jpg,uncracked
560.jpg,uncracked
861.jpg,uncracked
1522.jpg,cracked
1659.jpg,uncracked
605.jpg,uncracked
698.jpg,cracked
1996.jpg,uncracked
479.jpg,cracked
669.jpg,cracked
1392.jpg,cracked
1693.jpg,uncracked
1686.jpg,uncracked
1047.jpg,uncracked
125.jpg,uncracked
1167.jpg,uncracked
88.jpg,uncracked
1317.jpg,uncracked
269.jpg,cracked
778.jpg,cracked
1765.jpg,cracked
1682.jpg,uncracked
15.jpg,uncracked
931.jpg,uncracked
307.jpg,cracked
1396.jpg,uncracked
501.jpg,cracked
1783.jpg,cracked
1013.jpg,cracked
919.jpg,cracked
1058.jpg,uncracked
1610.jpg,cracked
321.jpg,uncracked
441.jpg,cracked
504.jpg,uncracked
1801.jpg,cracked
502.jpg,cracked
134.jpg,uncracked
726.jpg,uncracked
1825.jpg,cracked
596.jpg,uncracked
1264.jpg,uncracked
294.jpg,cracked
1441.jpg,uncracked
1602.jpg,cracked
145.jpg,uncracked
1433.jpg,uncracked
1190.jpg,uncracked
1007.jpg,cracked
682.jpg,cracked
1563.jpg,uncracked
1728.jpg,cracked
1821.jpg,cracked
1918.jpg,uncracked
93.jpg,uncracked
1168.jpg,cracked
1973.jpg,uncracked
568.jpg,uncracked
22.jpg,uncracked
1220.jpg,cracked
955.jpg,uncracked
1108.jpg,uncracked
1006.jpg,cracked
1810.jpg,uncracked
1030.jpg,cracked
985.jpg,uncracked
1913.jpg,cracked
1284.jpg,cracked
1326.jpg,cracked
866.jpg,uncracked
1641.jpg,uncracked
496.jpg,cracked
1521.jpg,uncracked
1834.jpg,cracked
1447.jpg,cracked
1998.jpg,cracked
1477.jpg,cracked
1999.jpg,cracked
1750.jpg,cracked
1864.jpg,uncracked
730.jpg,uncracked
613.jpg,uncracked
1075.jpg,uncracked
1082.jpg,cracked
1678.jpg,cracked
1491.jpg,cracked
1595.jpg,uncracked
152.jpg,uncracked
1594.jpg,cracked
1221.jpg,uncracked
1246.jpg,cracked
1706.jpg,uncracked
1583.jpg,uncracked
1956.jpg,cracked
561.jpg,uncracked
672.jpg,uncracked
1431.jpg,uncracked
1635.jpg,uncracked
1922.jpg,uncracked
1615.jpg,cracked
130.jpg,uncracked
1002.jpg,cracked
5.jpg,cracked
181.jpg,cracked
1539.jpg,uncracked
106.jpg,uncracked
203.jpg,uncracked
1151.jpg,uncracked
289.jpg,cracked
1293.jpg,cracked
806.jpg,uncracked
55.jpg,cracked
1005.jpg,cracked
1482.jpg,uncracked
845.jpg,uncracked
1204.jpg,uncracked
1587.jpg,uncracked
1781.jpg,cracked
1819.jpg,uncracked
1689.jpg,cracked
562.jpg,cracked
445.jpg,uncracked
988.jpg,uncracked
287.jpg,uncracked
1843.jpg,cracked
132.jpg,uncracked
277.jpg,cracked
675.jpg,uncracked
1549.jpg,cracked
1929.jpg,uncracked
1959.jpg,uncracked
1135.jpg,uncracked
1567.jpg,cracked
1778.jpg,cracked
1802.jpg,uncracked
670.jpg,cracked
1434.jpg,cracked
1727.jpg,uncracked
208.jpg,cracked
679.jpg,uncracked
1955.jpg,uncracked
1457.jpg,uncracked
632.jpg,cracked
1365.jpg,uncracked
1669.jpg,cracked
1586.jpg,uncracked
1598.jpg,uncracked
425.jpg,cracked
738.jpg,cracked
30.jpg,uncracked
459.jpg,uncracked
509.jpg,uncracked
77.jpg,cracked
1395.jpg,cracked
1791.jpg,uncracked
1927.jpg,uncracked
892.jpg,cracked
231.jpg,uncracked
1131.jpg,cracked
503.jpg,cracked
1875.jpg,uncracked
1383.jpg,cracked
648.jpg,uncracked
184.jpg,uncracked
350.jpg,uncracked
1128.jpg,cracked
665.jpg,cracked
1180.jpg,uncracked
1269.jpg,uncracked
938.jpg,cracked
559.jpg,uncracked
1948.jpg,cracked
276.jpg,cracked
1638.jpg,cracked
1020.jpg,cracked
936.jpg,cracked
683.jpg,uncracked
935.jpg,uncracked
1553.jpg,cracked
1090.jpg,uncracked
834.jpg,uncracked
1352.jpg,cracked
273.jpg,uncracked
737.jpg,uncracked
1074.jpg,uncracked
497.jpg,uncracked
473.jpg,cracked
1637.jpg,uncracked
412.jpg,uncracked
1740.jpg,uncracked
863.jpg,cracked
1962.jpg,cracked
569.jpg,cracked
28.jpg,uncracked
4.jpg,uncracked
1386.jpg,cracked
2.jpg,cracked
541.jpg,cracked
573.jpg,uncracked
64.jpg,cracked
143.jpg,cracked
1708.jpg,cracked
1087.jpg,uncracked
991.jpg,uncracked
1936.jpg,cracked
1863.jpg,cracked
109.jpg,uncracked
118.jpg,uncracked
1964.jpg,uncracked
1588.jpg,uncracked
1092.jpg,cracked
917.jpg,uncracked
1259.jpg,uncracked
586.jpg,uncracked
17.jpg,uncracked
1746.jpg,uncracked
554.jpg,cracked
59.jpg,cracked
557.jpg,cracked
1577.jpg,cracked
920.jpg,uncracked
755.jpg,cracked
1933.jpg,cracked
1634.jpg,cracked
508.jpg,cracked
882.jpg,cracked
657.jpg,cracked
1530.jpg,uncracked
1061.jpg,uncracked
716.jpg,cracked
1681.jpg,cracked
1860.jpg,cracked
390.jpg,uncracked
1057.jpg,cracked
1836.jpg,cracked
1147.jpg,uncracked
1378.jpg,cracked
1644.jpg,cracked
1342.jpg,cracked
1379.jpg,cracked
979.jpg,cracked
1501.jpg,cracked
617.jpg,cracked
1225.jpg,cracked
1099.jpg,cracked
860.jpg,uncracked
542.jpg,uncracked
482.jpg,cracked
123.jpg,cracked
419.jpg,cracked
83.jpg,cracked
1991.jpg,uncracked
1782.jpg,cracked
427.jpg,uncracked
1552.jpg,uncracked
1235.jpg,cracked
1510.jpg,cracked
885.jpg,uncracked
447.jpg,cracked
1422.jpg,uncracked
449.jpg,cracked
489.jpg,uncracked
1101.jpg,cracked
455.jpg,cracked
984.jpg,uncracked
467.jpg,cracked
520.jpg,uncracked
1976.jpg,cracked
1540.jpg,uncracked
930.jpg,uncracked
229.jpg,cracked
1125.jpg,cracked
1116.jpg,uncracked
1517.jpg,uncracked
402.jpg,cracked
1276.jpg,uncracked
492.jpg,cracked
444.jpg,uncracked
859.jpg,cracked
582.jpg,uncracked
1656.jpg,cracked
182.jpg,cracked
999.jpg,uncracked
858.jpg,cracked
1951.jpg,uncracked
1187.jpg,cracked
1046.jpg,cracked
1469.jpg,uncracked
1448.jpg,cracked
507.jpg,cracked
372.jpg,uncracked
137.jpg,cracked
1452.jpg,cracked
214.jpg,cracked
306.jpg,uncracked
1814.jpg,uncracked
597.jpg,cracked
403.jpg,cracked
898.jpg,uncracked
213.jpg,cracked
612.jpg,uncracked
1649.jpg,uncracked
734.jpg,cracked
1952.jpg,uncracked
565.jpg,uncracked
420.jpg,uncracked
369.jpg,uncracked
1311.jpg,cracked
426.jpg,uncracked
1266.jpg,cracked
339.jpg,cracked
1310.jpg,uncracked
1387.jpg,uncracked
1647.jpg,uncracked
194.jpg,cracked
1551.jpg,cracked
73.jpg,uncracked
810.jpg,uncracked
1697.jpg,uncracked
1428.jpg,cracked
356.jpg,uncracked
712.jpg,cracked
1253.jpg,uncracked
785.jpg,uncracked
959.jpg,cracked
1614.jpg,uncracked
263.jpg,cracked
104.jpg,uncracked
1351.jpg,uncracked
1214.jpg,cracked
829.jpg,uncracked
230.jpg,uncracked
1453.jpg,cracked
338.jpg,uncracked
705.jpg,cracked
95.jpg,cracked
1576.jpg,cracked
1578.jpg,uncracked
1710.jpg,cracked
1288.jpg,cracked
147.jpg,uncracked
488.jpg,cracked
1534.jpg,cracked
1408.jpg,uncracked
1735.jpg,cracked
1356.jpg,cracked
764.jpg,uncracked
345.jpg,uncracked
1671.jpg,cracked
1994.jpg,cracked
703.jpg,uncracked
19.jpg,cracked
1896.jpg,uncracked
1512.jpg,cracked
1401.jpg,cracked
1665.jpg,uncracked
272.jpg,cracked
20.jpg,uncracked
1033.jpg,uncracked
1851.jpg,cracked
1829.jpg,uncracked
295.jpg,uncracked
47.jpg,uncracked
291.jpg,cracked
787.jpg,cracked
1339.jpg,uncracked
535.jpg,uncracked
110.jpg,uncracked
1349.jpg,cracked
727.jpg,uncracked
227.jpg,uncracked
933.jpg,uncracked
1492.jpg,uncracked
1629.jpg,cracked
300.jpg,uncracked
940.jpg,cracked
1340.jpg,uncracked
1916.jpg,uncracked
564.jpg,cracked
1872.jpg,cracked
1176.jpg,cracked
928.jpg,cracked
1172.jpg,uncracked
178.jpg,cracked
870.jpg,cracked
1341.jpg,uncracked
1624.jpg,cracked
172.jpg,uncracked
759.jpg,uncracked
543.jpg,cracked
141.jpg,uncracked
1920.jpg,cracked
18.jpg,cracked
298.jpg,cracked
334.jpg,cracked
96.jpg,uncracked
1526.jpg,cracked
437.jpg,cracked
664.jpg,cracked
457.jpg,uncracked
1175.jpg,uncracked
1217.jpg,cracked
1655.jpg,uncracked
53.jpg,cracked
595.jpg,cracked
1257.jpg,cracked
25.jpg,uncracked
707.jpg,uncracked
119.jpg,cracked
652.jpg,cracked
168.jpg,cracked
36.jpg,cracked
1480.jpg,uncracked
713.jpg,uncracked
188.jpg,cracked
1089.jpg,cracked
367.jpg,uncracked
1596.jpg,uncracked
1027.jpg,cracked
1823.jpg,cracked
1702.jpg,uncracked
495.jpg,uncracked
970.jpg,uncracked
23.jpg,cracked
1034.jpg,uncracked
259.jpg,cracked
158.jpg,uncracked
1209.jpg,uncracked
1121.jpg,uncracked
1373.jpg,uncracked
1950.jpg,uncracked
1982.jpg,cracked
791.jpg,uncracked
1559.jpg,cracked
394.jpg,uncracked
926.jpg,cracked
1241.jpg,cracked
1236.jpg,cracked
326.jpg,uncracked
63.jpg,uncracked
527.jpg,uncracked
1758.jpg,uncracked
1737.jpg,uncracked
1590.jpg,cracked
575.jpg,uncracked
1196.jpg,cracked
1909.jpg,uncracked
1954.jpg,cracked
435.jpg,uncracked
1616.jpg,uncracked
793.jpg,uncracked
210.jpg,uncracked
139.jpg,cracked
56.jpg,uncracked
777.jpg,cracked
1222.jpg,cracked
1414.jpg,uncracked
1028.jpg,cracked
1450.jpg,uncracked
740.jpg,cracked
318.jpg,uncracked
1833.jpg,cracked
368.jpg,uncracked
558.jpg,cracked
594.jpg,uncracked
238.jpg,cracked
841.jpg,cracked
442.jpg,uncracked
688.jpg,uncracked
1194.jpg,cracked
1580.jpg,uncracked
948.jpg,uncracked
1239.jpg,cracked
987.jpg,uncracked
965.jpg,cracked
710.jpg,cracked
1776.jpg,cracked
1525.jpg,uncracked
1070.jpg,cracked
1938.jpg,uncracked
728.jpg,cracked
1711.jpg,uncracked
1226.jpg,uncracked
762.jpg,cracked
1393.jpg,cracked
1069.jpg,uncracked
391.jpg,cracked
1260.jpg,uncracked
1237.jpg,uncracked
1250.jpg,uncracked
911.jpg,cracked
768.jpg,uncracked
694.jpg,uncracked
487.jpg,uncracked
1707.jpg,uncracked
66.jpg,uncracked
1459.jpg,cracked
322.jpg,uncracked
903.jpg,cracked
1156.jpg,uncracked
468.jpg,cracked
927.jpg,uncracked
572.jpg,uncracked
869.jpg,uncracked
876.jpg,uncracked
1743.jpg,cracked
1347.jpg,uncracked
505.jpg,cracked
1132.jpg,uncracked
1289.jpg,cracked
405.jpg,cracked
99.jpg,uncracked
100.jpg,cracked
830.jpg,cracked
690.jpg,cracked
189.jpg,cracked
1568.jpg,uncracked
1439.jpg,uncracked
1243.jpg,cracked
1418.jpg,cracked
342.jpg,cracked
160.jpg,cracked
1324.jpg,cracked
236.jpg,uncracked
776.jpg,uncracked
1868.jpg,cracked
1322.jpg,uncracked
200.jpg,cracked
281.jpg,cracked
1813.jpg,cracked
101.jpg,cracked
758.jpg,uncracked
630.jpg,uncracked
1319.jpg,cracked
837.jpg,uncracked
1849.jpg,uncracked
1357.jpg,cracked
165.jpg,uncracked
1290.jpg,cracked
256.jpg,cracked
854.jpg,uncracked
1732.jpg,cracked
1974.jpg,cracked
1476.jpg,cracked
1608.jpg,uncracked
1388.jpg,cracked
180.jpg,cracked
1905.jpg,uncracked
1016.jpg,uncracked
786.jpg,cracked
112.jpg,uncracked
1106.jpg,cracked
1039.jpg,cracked
1870.jpg,cracked
1315.jpg,uncracked
1704.jpg,uncracked
1619.jpg,cracked
228.jpg,uncracked
161.jpg,cracked
1207.jpg,uncracked
149.jpg,cracked
243.jpg,uncracked
1554.jpg,uncracked
1546.jpg,cracked
997.jpg,uncracked
1988.jpg,uncracked
50.jpg,uncracked
212.jpg,cracked
844.jpg,cracked
370.jpg,uncracked
1855.jpg,cracked
1191.jpg,cracked
1925.jpg,uncracked
514.jpg,cracked
1873.jpg,cracked
60.jpg,uncracked
977.jpg,uncracked
474.jpg,uncracked
1081.jpg,uncracked
1067.jpg,uncracked
1232.jpg,uncracked
1733.jpg,cracked
1254.jpg,uncracked
1582.jpg,cracked
191.jpg,cracked
945.jpg,uncracked
1628.jpg,cracked
1080.jpg,uncracked
1435.jpg,uncracked
148.jpg,uncracked
571.jpg,uncracked
1854.jpg,uncracked
1924.jpg,uncracked
1124.jpg,uncracked
724.jpg,cracked
451.jpg,uncracked
1565.jpg,uncracked
1263.jpg,cracked
206.jpg,uncracked
608.jpg,cracked
967.jpg,uncracked
381.jpg,cracked
271.jpg,cracked
418.jpg,uncracked
387.jpg,uncracked
516.jpg,cracked
515.jpg,uncracked
1912.jpg,uncracked
906.jpg,cracked
1410.jpg,uncracked
1488.jpg,uncracked
1056.jpg,cracked
646.jpg,uncracked
662.jpg,cracked
1623.jpg,cracked
245.jpg,uncracked
1424.jpg,cracked
33.jpg,cracked
1663.jpg,cracked
1505.jpg,uncracked
1144.jpg,uncracked
1753.jpg,uncracked
532.jpg,cracked
337.jpg,cracked
643.jpg,uncracked
1677.jpg,uncracked
1143.jpg,uncracked
1888.jpg,uncracked
825.jpg,uncracked
1181.jpg,uncracked
700.jpg,cracked
163.jpg,uncracked
221.jpg,uncracked
58.jpg,cracked
1136.jpg,uncracked
994.jpg,uncracked
1523.jpg,uncracked
1766.jpg,uncracked
1941.jpg,cracked
1767.jpg,uncracked
721.jpg,cracked
1557.jpg,uncracked
1900.jpg,uncracked
1984.jpg,uncracked
1664.jpg,cracked
1769.jpg,cracked
1789.jpg,cracked
260.jpg,uncracked
1417.jpg,cracked
850.jpg,uncracked
913.jpg,uncracked
832.jpg,uncracked
773.jpg,uncracked
798.jpg,uncracked
360.jpg,uncracked
1138.jpg,cracked
344.jpg,cracked
1983.jpg,cracked
567.jpg,cracked
40.jpg,uncracked
365.jpg,cracked
981.jpg,cracked
1871.jpg,cracked
486.jpg,cracked
748.jpg,uncracked
1271.jpg,cracked
393.jpg,uncracked
330.jpg,uncracked
1507.jpg,uncracked
471.jpg,cracked
26.jpg,cracked
943.jpg,cracked
512.jpg,uncracked
316.jpg,cracked
794.jpg,cracked
216.jpg,uncracked
867.jpg,uncracked
1098.jpg,uncracked
796.jpg,uncracked
966.jpg,cracked
1847.jpg,cracked
848.jpg,uncracked
769.jpg,cracked
1666.jpg,uncracked
893.jpg,cracked
416.jpg,cracked
649.jpg,uncracked
292.jpg,cracked
1094.jpg,cracked
240.jpg,uncracked
1086.jpg,cracked
792.jpg,cracked
1001.jpg,uncracked
739.jpg,cracked
1179.jpg,uncracked
895.jpg,uncracked
373.jpg,cracked
1739.jpg,cracked
518.jpg,uncracked
1545.jpg,cracked
767.jpg,cracked
819.jpg,uncracked
1719.jpg,uncracked
157.jpg,cracked
510.jpg,uncracked
853.jpg,uncracked
1684.jpg,uncracked
1508.jpg,uncracked
711.jpg,cracked
353.jpg,cracked
1620.jpg,cracked
1734.jpg,cracked
1364.jpg,uncracked
761.jpg,uncracked
563.jpg,cracked
1980.jpg,uncracked
544.jpg,cracked
1019.jpg,cracked
1807.jpg,cracked
1210.jpg,cracked
1029.jpg,uncracked
204.jpg,uncracked
1515.jpg,cracked
1902.jpg,uncracked
742.jpg,uncracked
1419.jpg,cracked
910.jpg,cracked
267.jpg,uncracked
1958.jpg,uncracked
233.jpg,cracked
87.jpg,cracked
166.jpg,uncracked
1184.jpg,cracked
408.jpg,uncracked
760.jpg,uncracked
3.jpg,cracked
54.jpg,uncracked
146.jpg,uncracked
1939.jpg,cracked
1064.jpg,cracked
952.jpg,cracked
1901.jpg,uncracked
556.jpg,cracked
1350.jpg,uncracked
1543.jpg,cracked
1303.jpg,cracked
1808.jpg,cracked
475.jpg,cracked
1164.jpg,uncracked
382.jpg,cracked
1971.jpg,cracked
434.jpg,cracked
1208.jpg,cracked
647.jpg,uncracked
918.jpg,cracked
46.jpg,uncracked
354.jpg,uncracked
1550.jpg,uncracked
693.jpg,uncracked
1928.jpg,cracked
1787.jpg,uncracked
695.jpg,uncracked
789.jpg,cracked
1278.jpg,uncracked
1468.jpg,cracked
45.jpg,uncracked
364.jpg,cracked
1618.jpg,uncracked
347.jpg,cracked
244.jpg,cracked
923.jpg,cracked
207.jpg,uncracked
1274.jpg,uncracked
1837.jpg,cracked
1421.jpg,uncracked
1000.jpg,uncracked
937.jpg,uncracked
1218.jpg,uncracked
525.jpg,uncracked
1657.jpg,cracked
131.jpg,cracked
1712.jpg,uncracked
10.jpg,cracked
38.jpg,uncracked
772.jpg,cracked
1584.jpg,cracked
924.jpg,uncracked
415.jpg,cracked
1443.jpg,cracked
1117.jpg,cracked
1792.jpg,cracked
1561.jpg,uncracked
247.jpg,cracked
173.jpg,uncracked
1882.jpg,cracked
37.jpg,cracked
659.jpg,uncracked
1895.jpg,cracked
1713.jpg,cracked
1216.jpg,cracked
1548.jpg,uncracked
375.jpg,cracked
754.jpg,uncracked
883.jpg,cracked
13.jpg,cracked
1975.jpg,cracked
498.jpg,uncracked
722.jpg,cracked
846.jpg,uncracked
1891.jpg,cracked
1018.jpg,cracked
821.jpg,uncracked
84.jpg,uncracked
1835.jpg,cracked
1724.jpg,uncracked
1935.jpg,uncracked
822.jpg,cracked
1261.jpg,uncracked
284.jpg,cracked
1371.jpg,cracked
1921.jpg,uncracked
957.jpg,uncracked
1037.jpg,uncracked
1642.jpg,cracked
218.jpg,uncracked
1390.jpg,uncracked
1062.jpg,cracked
1301.jpg,uncracked
1309.jpg,cracked
1622.jpg,uncracked
1467.jpg,cracked
283.jpg,cracked
946.jpg,uncracked
355.jpg,cracked
135.jpg,cracked
852.jpg,uncracked
1240.jpg,cracked
1688.jpg,cracked
880.jpg,uncracked
401.jpg,cracked
1972.jpg,uncracked
531.jpg,uncracked
1227.jpg,cracked
211.jpg,uncracked
1529.jpg,cracked
1786.jpg,cracked
1759.jpg,cracked
1464.jpg,uncracked
103.jpg,cracked
1332.jpg,uncracked
896.jpg,cracked
548.jpg,uncracked
31.jpg,uncracked
336.jpg,uncracked
1440.jpg,uncracked
1672.jpg,uncracked
1556.jpg,cracked
546.jpg,cracked
523.jpg,cracked
1105.jpg,cracked
585.jpg,cracked
1668.jpg,cracked
530.jpg,uncracked
341.jpg,uncracked
752.jpg,cracked
1354.jpg,uncracked
506.jpg,uncracked
1815.jpg,uncracked
1463.jpg,cracked
1527.jpg,cracked
1233.jpg,cracked
639.jpg,uncracked
1828.jpg,uncracked
325.jpg,cracked
1100.jpg,cracked
1930.jpg,cracked
1149.jpg,cracked
1798.jpg,cracked
175.jpg,uncracked
24.jpg,uncracked
1898.jpg,uncracked
1910.jpg,cracked
836.jpg,cracked
74.jpg,cracked
1658.jpg,uncracked
371.jpg,uncracked
653.jpg,cracked
27.jpg,cracked
1407.jpg,uncracked
453.jpg,cracked
1762.jpg,cracked
1940.jpg,uncracked
879.jpg,uncracked
1963.jpg,uncracked
1764.jpg,cracked
916.jpg,cracked
357.jpg,cracked
1282.jpg,uncracked
252.jpg,cracked
1483.jpg,cracked
607.jpg,uncracked
1405.jpg,cracked
1024.jpg,uncracked
197.jpg,cracked
1148.jpg,uncracked
51.jpg,cracked
190.jpg,cracked
1112.jpg,uncracked
818.jpg,cracked
692.jpg,uncracked
1630.jpg,cracked
763.jpg,cracked
611.jpg,uncracked
592.jpg,uncracked
29.jpg,cracked
1793.jpg,cracked
881.jpg,cracked
35.jpg,cracked
1484.jpg,uncracked
68.jpg,cracked
12.jpg,cracked
293.jpg,uncracked
472.jpg,uncracked
749.jpg,uncracked
1337.jpg,uncracked
278.jpg,uncracked
888.jpg,uncracked
593.jpg,uncracked
1878.jpg,uncracked
954.jpg,cracked
539.jpg,cracked
677.jpg,uncracked
1947.jpg,uncracked
217.jpg,cracked
1247.jpg,cracked
1931.jpg,cracked
1223.jpg,uncracked
1327.jpg,uncracked
1923.jpg,uncracked
974.jpg,cracked
1017.jpg,cracked
329.jpg,cracked
1607.jpg,cracked
1203.jpg,uncracked
1606.jpg,uncracked
1085.jpg,uncracked
1071.jpg,cracked
746.jpg,cracked
717.jpg,uncracked
795.jpg,uncracked
947.jpg,uncracked
1520.jpg,uncracked
1004.jpg,uncracked
1333.jpg,cracked
1844.jpg,uncracked
1858.jpg,cracked
1827.jpg,uncracked
801.jpg,uncracked
1049.jpg,uncracked
824.jpg,uncracked
1773.jpg,uncracked
1788.jpg,uncracked
925.jpg,uncracked
781.jpg,uncracked
477.jpg,cracked
1054.jpg,cracked
1398.jpg,cracked
1420.jpg,cracked
969.jpg,cracked
1796.jpg,uncracked
69.jpg,uncracked
708.jpg,cracked
1313.jpg,cracked
1048.jpg,uncracked
1359.jpg,uncracked
234.jpg,cracked
1456.jpg,uncracked
1879.jpg,uncracked
524.jpg,uncracked
1093.jpg,uncracked
406.jpg,uncracked
410.jpg,uncracked
1228.jpg,cracked
1296.jpg,uncracked
1161.jpg,cracked
1627.jpg,uncracked
1186.jpg,cracked
1591.jpg,uncracked
1631.jpg,cracked
421.jpg,uncracked
1987.jpg,cracked
1524.jpg,uncracked
944.jpg,cracked
1675.jpg,uncracked
81.jpg,cracked
833.jpg,cracked
417.jpg,uncracked
820.jpg,cracked
395.jpg,cracked
1866.jpg,uncracked
1889.jpg,uncracked
265.jpg,cracked
1287.jpg,uncracked
826.jpg,cracked
745.jpg,uncracked
1436.jpg,cracked
634.jpg,uncracked
891.jpg,uncracked
1230.jpg,uncracked
1107.jpg,uncracked
956.jpg,uncracked
1670.jpg,uncracked
97.jpg,uncracked
1344.jpg,cracked
121.jpg,uncracked
753.jpg,uncracked
483.jpg,uncracked
490.jpg,uncracked
1830.jpg,cracked
1165.jpg,cracked
803.jpg,uncracked
1861.jpg,cracked
1566.jpg,cracked
1731.jpg,cracked
1528.jpg,uncracked
1145.jpg,cracked
610.jpg,uncracked
1367.jpg,uncracked
1406.jpg,uncracked
1883.jpg,uncracked
855.jpg,uncracked
701.jpg,cracked
127.jpg,uncracked
1775.jpg,cracked
1942.jpg,uncracked
90.jpg,cracked
1432.jpg,uncracked
1751.jpg,cracked
1560.jpg,cracked
1038.jpg,uncracked
220.jpg,uncracked
1015.jpg,uncracked
1897.jpg,cracked
538.jpg,uncracked
363.jpg,uncracked
82.jpg,uncracked
1611.jpg,cracked
1640.jpg,cracked
1353.jpg,uncracked
1411.jpg,cracked
873.jpg,uncracked
1673.jpg,uncracked
378.jpg,uncracked
871.jpg,cracked
1394.jpg,uncracked
902.jpg,uncracked
397.jpg,uncracked
1903.jpg,uncracked
1272.jpg,uncracked
1699.jpg,uncracked
1133.jpg,uncracked
555.jpg,uncracked
964.jpg,uncracked
456.jpg,cracked
685.jpg,uncracked
285.jpg,uncracked
1119.jpg,uncracked
314.jpg,uncracked
1777.jpg,cracked
6.jpg,cracked
1032.jpg,cracked
1867.jpg,uncracked
1676.jpg,uncracked
1722.jpg,uncracked
654.jpg,uncracked
878.jpg,cracked
1790.jpg,uncracked
992.jpg,uncracked
660.jpg,uncracked
1458.jpg,uncracked
225.jpg,cracked
1538.jpg,cracked
105.jpg,cracked
545.jpg,uncracked
587.jpg,uncracked
1130.jpg,uncracked
1437.jpg,cracked
995.jpg,cracked
136.jpg,uncracked
280.jpg,cracked
70.jpg,uncracked
309.jpg,uncracked
1014.jpg,uncracked
950.jpg,uncracked
680.jpg,cracked
450.jpg,cracked
1692.jpg,uncracked
1601.jpg,uncracked
1893.jpg,cracked
663.jpg,uncracked
1703.jpg,cracked
452.jpg,cracked
1174.jpg,cracked
1298.jpg,cracked
1329.jpg,cracked
296.jpg,uncracked
72.jpg,cracked
1738.jpg,uncracked
1472.jpg,cracked
1129.jpg,cracked
513.jpg,uncracked
52.jpg,cracked
328.jpg,cracked
1626.jpg,uncracked
914.jpg,cracked
192.jpg,cracked
1745.jpg,cracked
1449.jpg,cracked
1120.jpg,cracked
279.jpg,uncracked
1323.jpg,cracked
851.jpg,cracked
57.jpg,cracked
39.jpg,uncracked
1343.jpg,cracked
1691.jpg,uncracked
1817.jpg,cracked
951.jpg,cracked
651.jpg,uncracked
949.jpg,uncracked
142.jpg,cracked
458.jpg,cracked
1158.jpg,uncracked
71.jpg,uncracked
1613.jpg,cracked
1575.jpg,cracked
392.jpg,uncracked
102.jpg,cracked
838.jpg,uncracked
128.jpg,cracked
800.jpg,cracked
1865.jpg,uncracked
1915.jpg,uncracked
1273.jpg,uncracked
1280.jpg,uncracked
922.jpg,uncracked
1023.jpg,cracked
747.jpg,uncracked
1465.jpg,cracked
960.jpg,uncracked
1809.jpg,cracked
1768.jpg,cracked
887.jpg,cracked
196.jpg,uncracked
1348.jpg,cracked
150.jpg,uncracked
1831.jpg,cracked
1502.jpg,uncracked
904.jpg,cracked
1570.jpg,cracked
1479.jpg,uncracked
1683.jpg,uncracked
1846.jpg,cracked
1726.jpg,cracked
411.jpg,uncracked
1754.jpg,cracked
697.jpg,uncracked
1123.jpg,cracked
1857.jpg,uncracked
1425.jpg,uncracked
270.jpg,uncracked
912.jpg,cracked
1934.jpg,uncracked
1292.jpg,uncracked
1200.jpg,cracked
1489.jpg,cracked
534.jpg,uncracked
1036.jpg,cracked
1021.jpg,uncracked
310.jpg,uncracked
1460.jpg,cracked
628.jpg,cracked
783.jpg,cracked
465.jpg,cracked
1381.jpg,cracked
1192.jpg,uncracked
463.jpg,uncracked
671.jpg,uncracked
1267.jpg,uncracked
1096.jpg,uncracked
1723.jpg,uncracked
788.jpg,uncracked
446.jpg,uncracked
591.jpg,cracked
494.jpg,cracked
661.jpg,uncracked
239.jpg,uncracked
590.jpg,cracked
377.jpg,uncracked
154.jpg,uncracked
429.jpg,cracked
301.jpg,uncracked
1466.jpg,uncracked
332.jpg,cracked
1660.jpg,cracked
1705.jpg,uncracked
602.jpg,uncracked
195.jpg,uncracked
162.jpg,uncracked
34.jpg,cracked
811.jpg,uncracked
1859.jpg,uncracked
41.jpg,uncracked
843.jpg,cracked
1986.jpg,cracked
704.jpg,cracked
186.jpg,uncracked
942.jpg,cracked
835.jpg,uncracked
784.jpg,uncracked
718.jpg,cracked
1318.jpg,cracked
75.jpg,uncracked
1945.jpg,cracked
1617.jpg,cracked
1446.jpg,uncracked
812.jpg,uncracked
884.jpg,uncracked
198.jpg,cracked
953.jpg,uncracked
1639.jpg,cracked
1904.jpg,uncracked
642.jpg,uncracked
1832.jpg,uncracked
1430.jpg,cracked
1995.jpg,uncracked
126.jpg,uncracked
1302.jpg,cracked
909.jpg,cracked
1415.jpg,cracked
1157.jpg,cracked
1818.jpg,uncracked
972.jpg,cracked
1010.jpg,uncracked
1234.jpg,uncracked
1328.jpg,uncracked
317.jpg,uncracked
1198.jpg,cracked
1297.jpg,cracked
156.jpg,uncracked
766.jpg,uncracked
1820.jpg,cracked
831.jpg,cracked
466.jpg,uncracked
1957.jpg,cracked
237.jpg,cracked
235.jpg,cracked
261.jpg,cracked
1574.jpg,uncracked
1044.jpg,uncracked
1245.jpg,cracked
1604.jpg,cracked
616.jpg,cracked
159.jpg,uncracked
1494.jpg,uncracked
1291.jpg,uncracked
644.jpg,uncracked
600.jpg,uncracked
1334.jpg,cracked
1772.jpg,uncracked
817.jpg,cracked
1967.jpg,uncracked
1885.jpg,uncracked
1532.jpg,uncracked
1555.jpg,cracked
872.jpg,uncracked
691.jpg,cracked
1932.jpg,cracked
1906.jpg,uncracked
438.jpg,cracked
624.jpg,cracked
500.jpg,cracked
900.jpg,uncracked
1308.jpg,cracked
1197.jpg,cracked
622.jpg,cracked
1646.jpg,cracked
1370.jpg,uncracked
1155.jpg,uncracked
461.jpg,uncracked
576.jpg,cracked
1391.jpg,uncracked
1842.jpg,uncracked
464.jpg,uncracked
255.jpg,uncracked
1869.jpg,cracked
699.jpg,uncracked
905.jpg,cracked
1721.jpg,uncracked
253.jpg,uncracked
133.jpg,uncracked
413.jpg,cracked
856.jpg,uncracked
782.jpg,cracked
1937.jpg,uncracked
462.jpg,uncracked
1509.jpg,uncracked
242.jpg,cracked
1884.jpg,cracked
986.jpg,uncracked
499.jpg,cracked
641.jpg,cracked
1012.jpg,uncracked
433.jpg,uncracked
939.jpg,cracked
735.jpg,uncracked
1088.jpg,cracked
1562.jpg,uncracked
809.jpg,uncracked
1547.jpg,cracked
775.jpg,uncracked
1612.jpg,uncracked
1603.jpg,cracked
521.jpg,cracked
439.jpg,uncracked
1605.jpg,cracked
963.jpg,cracked
1461.jpg,cracked
1249.jpg,cracked
907.jpg,uncracked
1068.jpg,uncracked
116.jpg,cracked
1360.jpg,cracked
385.jpg,uncracked
553.jpg,cracked
348.jpg,cracked
875.jpg,cracked
1541.jpg,uncracked
1894.jpg,uncracked
1159.jpg,uncracked
1066.jpg,cracked
1295.jpg,uncracked
1877.jpg,cracked
678.jpg,uncracked
511.jpg,uncracked
120.jpg,uncracked
1763.jpg,uncracked
308.jpg,cracked
312.jpg,cracked
973.jpg,cracked
1238.jpg,uncracked
1073.jpg,uncracked
915.jpg,uncracked
1599.jpg,cracked
78.jpg,uncracked
1305.jpg,uncracked
1499.jpg,cracked
1137.jpg,uncracked
1542.jpg,uncracked
1514.jpg,uncracked
286.jpg,uncracked
1202.jpg,uncracked
877.jpg,uncracked
1853.jpg,cracked
1662.jpg,uncracked
400.jpg,cracked
174.jpg,cracked
1979.jpg,cracked
315.jpg,uncracked
808.jpg,uncracked
1497.jpg,uncracked
631.jpg,cracked
288.jpg,uncracked
428.jpg,cracked
1946.jpg,cracked
153.jpg,uncracked
629.jpg,cracked
351.jpg,uncracked
908.jpg,cracked
934.jpg,cracked
1648.jpg,uncracked
1749.jpg,uncracked
171.jpg,cracked
1205.jpg,uncracked
1051.jpg,cracked
637.jpg,cracked
1519.jpg,uncracked
797.jpg,uncracked
1358.jpg,uncracked
431.jpg,cracked
1685.jpg,uncracked
1911.jpg,cracked
589.jpg,uncracked
640.jpg,uncracked
625.jpg,cracked
536.jpg,uncracked
517.jpg,uncracked
1744.jpg,cracked
899.jpg,cracked
1042.jpg,cracked
1795.jpg,cracked
432.jpg,cracked
114.jpg,cracked
1265.jpg,cracked
1558.jpg,uncracked
1126.jpg,uncracked
807.jpg,cracked
1504.jpg,cracked
1060.jpg,cracked
1481.jpg,cracked
164.jpg,cracked
1279.jpg,uncracked
1485.jpg,cracked
750.jpg,cracked
842.jpg,uncracked
7.jpg,cracked
249.jpg,cracked
1537.jpg,uncracked
1052.jpg,uncracked
743.jpg,cracked
1978.jpg,cracked
223.jpg,cracked
1914.jpg,uncracked
1215.jpg,cracked
258.jpg,uncracked
388.jpg,uncracked
1256.jpg,uncracked
1495.jpg,cracked
1475.jpg,cracked
1725.jpg,cracked
1717.jpg,uncracked
1513.jpg,uncracked
80.jpg,cracked
346.jpg,uncracked
528.jpg,cracked
1752.jpg,uncracked
804.jpg,uncracked
709.jpg,uncracked
1389.jpg,uncracked
1003.jpg,cracked
1382.jpg,cracked
673.jpg,cracked
519.jpg,cracked
1361.jpg,uncracked
1856.jpg,cracked
1097.jpg,cracked
790.jpg,cracked
529.jpg,uncracked
865.jpg,uncracked
115.jpg,uncracked
978.jpg,cracked
187.jpg,cracked
1747.jpg,uncracked
1573.jpg,cracked
359.jpg,uncracked
668.jpg,cracked
305.jpg,cracked
398.jpg,cracked
540.jpg,uncracked
1316.jpg,uncracked
1304.jpg,cracked
1404.jpg,uncracked
696.jpg,uncracked
319.jpg,cracked
667.jpg,uncracked
1252.jpg,uncracked
1500.jpg,cracked
1320.jpg,cracked
574.jpg,cracked
1597.jpg,uncracked
140.jpg,uncracked
1377.jpg,cracked
1114.jpg,uncracked
380.jpg,cracked
61.jpg,uncracked
1839.jpg,cracked
901.jpg,uncracked
1970.jpg,uncracked
48.jpg,uncracked
1199.jpg,uncracked
1696.jpg,uncracked
199.jpg,uncracked
1926.jpg,uncracked
1742.jpg,uncracked
384.jpg,uncracked
122.jpg,uncracked
222.jpg,uncracked
1189.jpg,cracked
862.jpg,cracked
251.jpg,cracked
379.jpg,uncracked
823.jpg,cracked
480.jpg,cracked
684.jpg,cracked
1908.jpg,uncracked
246.jpg,uncracked
124.jpg,uncracked
1806.jpg,uncracked
1281.jpg,uncracked
687.jpg,uncracked
1944.jpg,uncracked
1185.jpg,cracked
113.jpg,uncracked
658.jpg,cracked
1103.jpg,cracked
117.jpg,uncracked
983.jpg,uncracked
1307.jpg,cracked
1091.jpg,uncracked
1150.jpg,uncracked
1285.jpg,uncracked
1674.jpg,uncracked
583.jpg,cracked
1346.jpg,cracked
1171.jpg,uncracked
331.jpg,cracked
932.jpg,cracked
1968.jpg,uncracked
9.jpg,uncracked
666.jpg,uncracked
1862.jpg,cracked
744.jpg,cracked
1881.jpg,cracked
1892.jpg,cracked
570.jpg,uncracked
1134.jpg,cracked
1784.jpg,cracked
1478.jpg,uncracked
1454.jpg,uncracked
205.jpg,uncracked
1960.jpg,cracked
1838.jpg,uncracked
129.jpg,cracked
1268.jpg,uncracked
250.jpg,cracked
1695.jpg,cracked
996.jpg,uncracked
1589.jpg,cracked
1949.jpg,uncracked
840.jpg,cracked
1761.jpg,cracked
1231.jpg,uncracked
1141.jpg,cracked
1026.jpg,cracked
1943.jpg,cracked
1890.jpg,uncracked
1579.jpg,uncracked
1413.jpg,uncracked
1887.jpg,cracked
1490.jpg,uncracked
1625.jpg,cracked
302.jpg,uncracked
757.jpg,cracked
335.jpg,uncracked
1845.jpg,uncracked
1262.jpg,cracked
635.jpg,uncracked
108.jpg,uncracked
1277.jpg,uncracked
248.jpg,cracked
94.jpg,uncracked
1152.jpg,uncracked
751.jpg,uncracked
874.jpg,cracked
107.jpg,cracked
1426.jpg,cracked
155.jpg,cracked
1653.jpg,uncracked
1251.jpg,uncracked
1055.jpg,cracked
1325.jpg,cracked
299.jpg,uncracked
1760.jpg,uncracked
779.jpg,uncracked
1445.jpg,uncracked
254.jpg,uncracked
323.jpg,cracked
1680.jpg,uncracked
1169.jpg,uncracked
1118.jpg,uncracked
805.jpg,cracked
714.jpg,uncracked
327.jpg,uncracked
623.jpg,cracked
1412.jpg,uncracked
894.jpg,uncracked
636.jpg,cracked
1470.jpg,cracked
2000.jpg,uncracked
1874.jpg,uncracked
1816.jpg,uncracked
1462.jpg,uncracked
407.jpg,uncracked
16.jpg,cracked
1651.jpg,uncracked
1375.jpg,uncracked
1111.jpg,uncracked
138.jpg,cracked
85.jpg,cracked
91.jpg,uncracked
1345.jpg,uncracked
1385.jpg,uncracked
980.jpg,cracked
333.jpg,uncracked
1369.jpg,cracked
578.jpg,cracked
275.jpg,uncracked
1770.jpg,cracked
645.jpg,uncracked
1035.jpg,uncracked
1063.jpg,uncracked
202.jpg,cracked
1687.jpg,cracked
89.jpg,cracked
1321.jpg,uncracked
1050.jpg,cracked
958.jpg,uncracked
686.jpg,cracked
1533.jpg,uncracked
98.jpg,uncracked
725.jpg,cracked
1009.jpg,cracked
1102.jpg,cracked
618.jpg,uncracked
324.jpg,uncracked
941.jpg,cracked
268.jpg,cracked
